newOrder,objOrder,slide,path,sample,Gender,Age,Diagnosis,short_histology,Genetic Characteristics,others,NF1,TP53,CDKN2A/B,PTEN,EGFR/PDGRA/MET amp,TERTp,ATRX,IDH1,Ki-67,MGMT
1,1,SNU38A,/media/user/disk31/snu_park_ffpe/21-135(CR_22_00273_FP_R_SSV_1)/,SNU38,M,27,Normal brain (from central neurocytoma),Control,NA,NA,NA,NA,NA,NA,NA,WT,WT,WT,,
2,2,SNU19A,/media/user/disk11/SNU/CR_22_00261_FP_R_SSV_1/outs/,SNU19,M,66,"Astrocytoma, IDH-mutant, grade 3",LGG3,"IDH1 (R1322H), TP53 (p.Arg273Cys c.817C>T)",NA,WT,p.Arg273Cys c.817C>T,WT,WT,WT,WT,WT,"mutant (p.Arg132His, c.395G>A)",8.00%,methylated
3,3,SNU22A,/media/user/disk11/SNU/CR_22_00264_FP_R_SSV_1/outs/,SNU22,F,40,"Astrocytoma, IDH-mutant, grade 3",LGG3,"IDH1 R132H, TP53 (p.Gly59fs | c.168_175dupAGACCCAG), ATRX (p.Arg1803His | c.5408G>A), CDKN2A/2B hemizygous deletion (1 copy), PTEN deletion (1 copy)",NA,WT,p.Gly59fs | c.168_175dupAGACCCAG,hemizygous,hemizygous,WT,WT,p.Arg1803His | c.5408G>A,"mutant (p.Arg132His, c.395G>A)",5.40%,methylated
4,4,SNU40A,/media/user/disk31/snu_park_ffpe/21-152(CR_22_00274_FP_R_SSV_1)/,SNU40,F,37,"Astrocytoma, IDH-mutant, grade 4",LGG4,"IDH1 (R132H), ATRX (p.Asp2066fs c.6195dupA), TP53 (p.Tyr236His c.706T>C), RB1 deletion (X1)",RB1 deletion,WT,p.Tyr236His c.706T>C,WT,WT,WT,WT,Mut,"mutant (p.Arg132His, c.395G>A)",,
5,9,SNU27A,/media/user/disk31/snu_park_ffpe/21-120-1(CR_22_00268_FP_R_SSV_1)/,SNU27,F,47,Glioblastoma multiforme,GBM,"ATRX (p.Lys430fs, c.1289_1290delAA), BRAF (V600E), PPMID (p.Glu472* c.1414G>T), PTEN deletion (X1)","BRAF, PPMID",WT,WT,WT,hemizygous,WT,WT,Mut,WT,,
6,10,SNU27B,/media/user/disk31/snu_park_ffpe/21-120-2(CR_22_00269_FP_R_SSV_1)/,SNU27,F,47,Glioblastoma multiforme,GBM,"ATRX (p.Lys430fs, c.1289_1290delAA), BRAF (V600E), PPMID (p.Glu472* c.1414G>T), PTEN deletion (X1)","BRAF, PPMID",WT,WT,WT,hemizygous,WT,WT,Mut,WT,,
7,11,SNU17A,/media/user/disk11/SNU/CR_22_00258_FP_R_SSV_1/outs/,SNU17,M,64,Glioblastoma multiforme,GBM,"NF1 (p.Leu1427fs, c.4280dupT), PTEN (p.Arg130*, c.388C>T), TERTp C250T",NA,"p.Leu1427fs, c.4280dupT",WT,WT,"p.Arg130*, c.388C>T",WT,"C250T, c.-146C>T",WT,WT,18.20%,methylated
8,12,SNU17B,/media/user/disk11/SNU/CR_22_00259_FP_R_SSV_1/outs/,SNU17,M,64,Glioblastoma multiforme,GBM,"NF1 (p.Leu1427fs, c.4280dupT), PTEN (p.Arg130*, c.388C>T), TERTp C250T",NA,"p.Leu1427fs, c.4280dupT",WT,WT,"p.Arg130*, c.388C>T",WT,"C250T, c.-146C>T",WT,WT,18.20%,methylated
9,28,SNU24A,/media/user/disk11/SNU/21_01749_LI_SING/outs/,SNU24,F,73,Glioblastoma multiforme,GBM,"TERT C228T, MET-amplification (x13), CDKN2A-deletion (x1), PTEN-deletion (x1)",NA,WT,NA,hemizygous,hemizygous,MET (X13),"C228T, c.-124C>T",WT,WT,79.80%,unmethylated
10,29,SNU24B,/media/user/disk11/SNU/21_01750_LI_SING/outs/,SNU24,F,73,Glioblastoma multiforme,GBM,"TERT C228T, MET-amplification (x13), CDKN2A-deletion (x1), PTEN-deletion (x1)",NA,WT,NA,hemizygous,hemizygous,MET (X13),"C228T, c.-124C>T",WT,WT,79.80%,unmethylated
11,7,SNU25A,/media/user/disk31/snu_park_ffpe/21-083-2(CR_22_00267_FP_R_SSV_1)/,SNU25,M,57,Glioblastoma multiforme,GBM,"SETD2 (splicing c.88-2A>G), TERTp C228T, EGFR (p.Ala289Thr c.865G>A), KRAS (p.Gly12Cys c.34G>T), 
RB1 (p.Lys643fs c.1928_1929delAA), TP53 (p.Glu271Lys c.811G>A), PTEN loss, RB1 loss, NF1 loss, MGMTp-methylated","SETD2, KRAS, RB1",loss,p.Glu271Lys c.811G>A,WT,homozygous,"EGFR (p.Ala289Thr c.865G>A),","C228T, c.-124C>T",WT,WT,74.00%,methylated
12,8,SNU25B,/media/user/disk11/SNU/CR_22_00266_FP_R_SSV_1/outs,SNU26,M,57,Glioblastoma multiforme,GBM,"SETD2 (splicing c.88-2A>G), TERTp C228T, EGFR (p.Ala289Thr c.865G>A), KRAS (p.Gly12Cys c.34G>T), 
RB1 (p.Lys643fs c.1928_1929delAA), TP53 (p.Glu271Lys c.811G>A), PTEN loss, RB1 loss, NF1 loss, MGMTp-methylated","SETD2, KRAS, RB2",loss,p.Glu271Lys c.811G>A,WT,homozygous,"EGFR (p.Ala289Thr c.865G>A),","C228T, c.-124C>T",WT,WT,74.00%,methylated
13,21,SNU21A,/media/user/disk11/SNU/CR_22_00262_FP_R_SSV_1/outs/,SNU21,F,64,Glioblastoma multiforme,GBM,"TERTp C228T, EGRF-amplification (X32), CDKN2A/2B-homozygous deletion (X0), chromosome 10 loss.",NA,WT,WT,homozygous,WT,EGFR (X32),"C228T, c.-124C>T",WT,WT,48.60%,methylated
14,22,SNU21B,/media/user/disk11/SNU/CR_22_00263_FP_R_SSV_1/outs/,SNU21,F,64,Glioblastoma multiforme,GBM,"TERTp C228T, EGRF-amplification (X32), CDKN2A/2B-homozygous deletion (X0), chromosome 10 loss.",NA,WT,WT,homozygous,WT,EGFR (X32),"C228T, c.-124C>T",WT,WT,48.60%,methylated
15,23,SNU21Afrozen,/media/user/Expansion1/Visium/SNU_V7A1check/,SNU21,F,64,Glioblastoma multiforme,GBM,"TERTp C228T, EGRF-amplification (X32), CDKN2A/2B-homozygous deletion (X0), chromosome 10 loss.",NA,WT,WT,homozygous,WT,EGFR (X32),"C228T, c.-124C>T",WT,WT,48.60%,methylated
16,24,SNU21Bfrozen,/media/user/Expansion1/Visium/SNU_V7B1/,SNU21,F,64,Glioblastoma multiforme,GBM,"TERTp C228T, EGRF-amplification (X32), CDKN2A/2B-homozygous deletion (X0), chromosome 10 loss.",NA,WT,WT,homozygous,WT,EGFR (X32),"C228T, c.-124C>T",WT,WT,48.60%,methylated
17,25,SNU21Cfrozen,/media/user/Expansion1/Visium/SNU_V7C1/,SNU21,F,64,Glioblastoma multiforme,GBM,"TERTp C228T, EGRF-amplification (X32), CDKN2A/2B-homozygous deletion (X0), chromosome 10 loss.",NA,WT,WT,homozygous,WT,EGFR (X32),"C228T, c.-124C>T",WT,WT,48.60%,methylated
18,26,SNU21Dfrozen,/media/user/Expansion1/Visium/SNU_V7D1/,SNU21,F,64,Glioblastoma multiforme,GBM,"TERTp C228T, EGRF-amplification (X32), CDKN2A/2B-homozygous deletion (X0), chromosome 10 loss.",NA,WT,WT,homozygous,WT,EGFR (X32),"C228T, c.-124C>T",WT,WT,48.60%,methylated
19,18,SNU23A,/media/user/disk31/snu_park_ffpe/21-057(CR_22_00265_FP_R_SSV_1)/,SNU23,F,71,Glioblastoma multiforme,GBM,"TERTp C250T, PIK3CA (p.His1047Arg, c.3140A>G), MED12 (p.Trp1557Cys, c.4671G>T), EGFR amplicfication (x20), CDKN2A/2B deletion (x0), RET-deletion (X1), MGMTp-methylated","PIK3CA, RET",WT,WT,homozygous,WT,EGFR (X20),"C250T, c.-146C>T",WT,WT,"35.8 %, ",methylated
20,27,SNU43A,/media/user/disk31/snu_park_ffpe/21-179(CR_22_00275_FP_R_SSV_1)/,SNU43,M,55,Glioblastoma multiforme,GBM,"TERTp C228T, EGFR mutation (p.Gly598Val c.1793G>T, p.Ser768Ile c.2303G>T), PTEN mutation (p.Asp326fs+stop gained), YAP1 (p.Trp199* c.597G>A), EGFR amplificaiton (X37), CDKN2A/2B homozygous deletion (X0), monosomy 6 and 10","YAP1 (p.Trp199* c.597G>A), monosomy 6&10",WT,WT,homozygous,p.Asp326fs+stop gained,"EGFR (p.Gly598Val c.1793G>T, p.Ser768Ile c.2303G>T) X37","C228T, c.-124C>T",WT,WT,,
21,13,SNU18A,/media/user/disk11/SNU/CR_22_00303_FP_R_SSV_1/outs/,SNU18,M,45,Glioblastoma multiforme,GBM,"NF1 (p.Phe1275fs, c.3822_3823delCT), EGFR-amplification (X12), CDKN2A/2B-loss (x1), TERTp C250T, MGMTp-methylated",NA,"p.Phe1275fs, c.3822_3823delCT",WT,hemizygous,WT,EGFR (X12),"C250T, c.-146C>T",WT,WT,30.20%,methylated
22,14,SNU18B,/media/user/disk11/SNU/CR_22_00304_FP_R_SSV_1/outs/,SNU18,M,45,Glioblastoma multiforme,GBM,"NF1 (p.Phe1275fs, c.3822_3823delCT), EGFR-amplification (X12), CDKN2A/2B-loss (x1), TERTp C250T, MGMTp-methylated",NA,"p.Phe1275fs, c.3822_3823delCT",WT,hemizygous,WT,EGFR (X12),"C250T, c.-146C>T",WT,WT,30.20%,methylated
23,15,SNU18Afrozen,/media/user/disk11/SNU/SNU_V4/,SNU18,M,45,Glioblastoma multiforme,GBM,"NF1 (p.Phe1275fs, c.3822_3823delCT), EGFR-amplification (X12), CDKN2A/2B-loss (x1), TERTp C250T, MGMTp-methylated",NA,"p.Phe1275fs, c.3822_3823delCT",WT,hemizygous,WT,EGFR (X12),"C250T, c.-146C>T",WT,WT,30.20%,methylated
24,19,SNU51A,/media/user/disk11/SNU/21_01751_LI_SING/outs/,SNU51,F,65,Glioblastoma multiforme,GBM,"TERTp (C250T), BRAF (p.Pro492Leu c.1475C>T, likely pathogenic), PTEN (p.Thr319fs c.955_958delACTT), EGFR amplification (X21), CDK4 (X21)/MDM2 amplification (X21)","BRAF (p.Pro492Leu c.1475C>T, likely pathogenic), CDK4/MDM2 (X21)",WT,WT,WT,p.Thr319fs c.955_958delACTT,EGFR (X21),C250T,WT,WT,,
25,20,SNU51B,/media/user/disk11/SNU/21_01752_LI_SING/outs/,SNU51,F,65,Glioblastoma multiforme,GBM,"TERTp (C250T), BRAF (p.Pro492Leu c.1475C>T, likely pathogenic), PTEN (p.Thr319fs c.955_958delACTT), EGFR amplification (X21), CDK4 (X21)/MDM2 amplification (X21)","BRAF (p.Pro492Leu c.1475C>T, likely pathogenic), CDK4/MDM2 (X21)",WT,WT,WT,p.Thr319fs c.955_958delACTT,EGFR (X21),C250T,WT,WT,,
26,16,SNU46A,/media/user/disk31/snu_park_ffpe/21-183-1(CR_22_00276_FP_R_SSV_1)/,SNU46,F,63,Glioblastoma multiforme,GBM,"C228T, EGFR (p.Pro772_His773dup), PTEN (p.Arg14fs c.39_40delAA, p.Val133Ile c.397G>A), EGFR amplification (X13), CDKN2A/2B homozygous deletion (X0), chromosome 10 loss (X1), chromosome 14 / 19q / 22 loss (x1)","chromosome 10 loss (X1), chromosome 14 / 19q / 22 loss (x1)",WT,WT,homozygous,"p.Arg14fs c.39_40delAA, p.Val133Ile c.397G>A",EGFR (p.Pro772_His773dup X13,"C228T, c.-124C>T",WT,WT,,
27,17,SNU46B,/media/user/disk31/snu_park_ffpe/21-183-2(CR_22_00277_FP_R_SSV_1)/,SNU46,F,63,Glioblastoma multiforme,GBM,"C228T, EGFR (p.Pro772_His773dup), PTEN (p.Arg14fs c.39_40delAA, p.Val133Ile c.397G>A), EGFR amplification (X13), CDKN2A/2B homozygous deletion (X0), chromosome 10 loss (X1), chromosome 14 / 19q / 22 loss (x1)","chromosome 10 loss (X1), chromosome 14 / 19q / 22 loss (x1)",WT,WT,homozygous,"p.Arg14fs c.39_40delAA, p.Val133Ile c.397G>A",EGFR (p.Pro772_His773dup X13,"C228T, c.-124C>T",WT,WT,,
28,5,SNU16A,/media/user/disk11/SNU/CR_22_00256_FP_R_SSV_1/outs/,SNU16,F,82,Glioblastoma multiforme,GBM,"TERTp mutant (C228T), TP53 mutant (p.Tyr236Cys, p.Ser94fs), CDKN2A/B homozygous deletion, PTEN hemizygous deletion",NA,WT,"p.Tyr236Cys, p.Ser94fs",homozygous,hemizygous,WT,"C228T, c.-124C>T",WT,WT,75.80%,unmethylated
29,6,SNU16B,/media/user/disk11/SNU/CR_22_00257_FP_R_SSV_1/outs/,SNU16,F,82,Glioblastoma multiforme,GBM,"TERTp mutant (C228T), TP53 mutant (p.Tyr236Cys, p.Ser94fs), CDKN2A/B homozygous deletion, PTEN hemizygous deletion",NA,WT,"p.Tyr236Cys, p.Ser94fs",homozygous,hemizygous,WT,"C228T, c.-124C>T",WT,WT,75.80%,unmethylated
30,32,SNU34A,/media/user/disk31/snu_park_ffpe/21-110(CR_22_00272_FP_R_SSV_1)/,SNU34,F,66,Glioblastoma multiforme,GBM,"PDGFRA/KIT amplification (+), TP53 mutant (p.Val272Met), CDKN2A/B homozygous deletion, PTEN hemizygous deletion",NA,WT,p.Val272Met,homozygous,hemizygous,PDGFRA/KIT amplification (+),WT,WT,WT,,
31,30,SNU33A,/media/user/disk31/snu_park_ffpe/21-109-1(CR_22_00270_FP_R_SSV_1)/,SNU33,M,64,Glioblastoma multiforme,GBM,"PDGFRA/KIT amplification (X9), CDKN2A/2B deletion (X1/X0)",NA,WT,WT,homo/hemizygous,WT,PDGFRA/KIT amplification (X9),WT,WT,WT,,
32,31,SNU33B,/media/user/disk31/snu_park_ffpe/21-109-2(CR_22_00271_FP_R_SSV_1)/,SNU33,M,64,Glioblastoma multiforme,GBM,"PDGFRA/KIT amplification (X9), CDKN2A/2B deletion (X1/X0)",NA,WT,WT,homo/hemizygous,WT,PDGFRA/KIT amplification (X9),WT,WT,WT,,
